gold_project_id,nmdc_omics_id,nmdc_biosample_id,sample_name_nmdc,sample_code,site,compartment
Gp0566632,nmdc:omprc-11-m3381c62,nmdc:bsm-11-5nhz3402,"Bulk soil microbial communities from poplar common garden site in Clatskanie, Oregon, USA - BESC-13-CL1_35_33 soil",BESC-13-CL1_35_33,Clatskanie,soil
Gp0566633,nmdc:omprc-11-64awt166,nmdc:bsm-11-b4k9w367,"Bulk soil microbial communities from poplar common garden site in Clatskanie, Oregon, USA - BESC-13-CL2_39_29 soil",BESC-13-CL2_39_29,Clatskanie,soil
Gp0566634,nmdc:omprc-11-tymac932,nmdc:bsm-11-m53pa616,"Bulk soil microbial communities from poplar common garden site in Clatskanie, Oregon, USA - BESC-13-CL3_85_26 soil",BESC-13-CL3_85_26,Clatskanie,soil
Gp0566635,nmdc:omprc-11-3pjcdv38,nmdc:bsm-11-w2q32794,"Bulk soil microbial communities from poplar common garden site in Corvallis, Oregon, USA - BESC-13-Co1_30_3 soil",BESC-13-Co1_30_3,Corvallis,soil
Gp0566636,nmdc:omprc-11-v9aeqv58,nmdc:bsm-11-ybvfha65,"Bulk soil microbial communities from poplar common garden site in Corvallis, Oregon, USA - BESC-13-Co2_41_23 soil",BESC-13-Co2_41_23,Corvallis,soil
Gp0566637,nmdc:omprc-11-czb4f349,nmdc:bsm-11-ndp7xj19,"Bulk soil microbial communities from poplar common garden site in Corvallis, Oregon, USA - BESC-13-Co3_21_57 soil",BESC-13-Co3_21_57,Corvallis,soil
Gp0566638,nmdc:omprc-11-swgveb95,nmdc:bsm-11-swme4v31,"Bulk soil microbial communities from poplar common garden site in Clatskanie, Oregon, USA - BESC-133-CL1_28_16 soil",BESC-133-CL1_28_16,Clatskanie,soil
Gp0566639,nmdc:omprc-11-zfaqef95,nmdc:bsm-11-83t8kn59,"Bulk soil microbial communities from poplar common garden site in Clatskanie, Oregon, USA - BESC-133-CL2_62_7 soil",BESC-133-CL2_62_7,Clatskanie,soil
Gp0566640,nmdc:omprc-11-2eh5g273,nmdc:bsm-11-arpk9p10,"Bulk soil microbial communities from poplar common garden site in Clatskanie, Oregon, USA - BESC-133-CL3_93_10 soil",BESC-133-CL3_93_10,Clatskanie,soil
Gp0566641,nmdc:omprc-11-r9ggjt38,nmdc:bsm-11-f2sf9h97,"Bulk soil microbial communities from poplar common garden site in Corvallis, Oregon, USA - BESC-133-Co1_27_3 soil",BESC-133-Co1_27_3,Corvallis,soil
Gp0566642,nmdc:omprc-11-xberp747,nmdc:bsm-11-4stmk668,"Bulk soil microbial communities from poplar common garden site in Corvallis, Oregon, USA - BESC-133-Co2_50_25 soil",BESC-133-Co2_50_25,Corvallis,soil
Gp0566643,nmdc:omprc-11-z5srbn29,nmdc:bsm-11-axr9kj21,"Bulk soil microbial communities from poplar common garden site in Corvallis, Oregon, USA - BESC-133-Co3_19_46 soil",BESC-133-Co3_19_46,Corvallis,soil
Gp0566644,nmdc:omprc-11-btt1r768,nmdc:bsm-11-dsp1a762,"Bulk soil microbial communities from poplar common garden site in Clatskanie, Oregon, USA - BESC-198-CL2_38_5 soil",BESC-198-CL2_38_5,Clatskanie,soil
Gp0566645,nmdc:omprc-11-w3p9et72,nmdc:bsm-11-52bf8107,"Bulk soil microbial communities from poplar common garden site in Clatskanie, Oregon, USA - BESC-198-CL3_81_33 soil",BESC-198-CL3_81_33,Clatskanie,soil
Gp0566646,nmdc:omprc-11-g4nzec92,nmdc:bsm-11-fxd94d39,"Bulk soil microbial communities from poplar common garden site in Clatskanie, Oregon, USA - BESC-234-CL1_24_28 soil",BESC-234-CL1_24_28,Clatskanie,soil
Gp0566647,nmdc:omprc-11-qevde708,nmdc:bsm-11-c9458s26,"Bulk soil microbial communities from poplar common garden site in Clatskanie, Oregon, USA - BESC-234-CL2_65_22 soil",BESC-234-CL2_65_22,Clatskanie,soil
Gp0566648,nmdc:omprc-11-dfzknb42,nmdc:bsm-11-m5tyz195,"Bulk soil microbial communities from poplar common garden site in Corvallis, Oregon, USA - BESC-234-Co1_23_3 soil",BESC-234-Co1_23_3,Corvallis,soil
Gp0566649,nmdc:omprc-11-hzf4tb88,nmdc:bsm-11-z423gx54,"Bulk soil microbial communities from poplar common garden site in Corvallis, Oregon, USA - BESC-234-Co2_52_27 soil",BESC-234-Co2_52_27,Corvallis,soil
Gp0566650,nmdc:omprc-11-sq7t2e34,nmdc:bsm-11-dvn9nk09,"Bulk soil microbial communities from poplar common garden site in Corvallis, Oregon, USA - BESC-234-Co3_21_62 soil",BESC-234-Co3_21_62,Corvallis,soil
Gp0566651,nmdc:omprc-11-pq8fx563,nmdc:bsm-11-3ekmcr15,"Bulk soil microbial communities from poplar common garden site in Clatskanie, Oregon, USA - BESC-258-CL1_34_5 soil",BESC-258-CL1_34_5,Clatskanie,soil
Gp0566652,nmdc:omprc-11-wfwc9x68,nmdc:bsm-11-tw1m7160,"Bulk soil microbial communities from poplar common garden site in Clatskanie, Oregon, USA - BESC-258-CL2_67_23 soil",BESC-258-CL2_67_23,Clatskanie,soil
Gp0566653,nmdc:omprc-11-0hk64917,nmdc:bsm-11-zaph9002,"Bulk soil microbial communities from poplar common garden site in Clatskanie, Oregon, USA - BESC-285-CL1_33_12 soil",BESC-285-CL1_33_12,Clatskanie,soil
Gp0566654,nmdc:omprc-11-x9nmr065,nmdc:bsm-11-nw51xc15,"Bulk soil microbial communities from poplar common garden site in Clatskanie, Oregon, USA - BESC-285-CL2_56_7 soil",BESC-285-CL2_56_7,Clatskanie,soil
Gp0566655,nmdc:omprc-11-rx59dr25,nmdc:bsm-11-vsd0et60,"Bulk soil microbial communities from poplar common garden site in Clatskanie, Oregon, USA - BESC-307-CL1_26_33 soil",BESC-307-CL1_26_33,Clatskanie,soil
Gp0566656,nmdc:omprc-11-hnw4p126,nmdc:bsm-11-q4qc4d09,"Bulk soil microbial communities from poplar common garden site in Clatskanie, Oregon, USA - BESC-307-CL2_57_8 soil",BESC-307-CL2_57_8,Clatskanie,soil
Gp0566657,nmdc:omprc-11-xdx4r107,nmdc:bsm-11-kxtgzv04,"Bulk soil microbial communities from poplar common garden site in Corvallis, Oregon, USA - BESC-307-Co1_31_6 soil",BESC-307-Co1_31_6,Corvallis,soil
Gp0566658,nmdc:omprc-11-v6ykqh24,nmdc:bsm-11-1zdsxs32,"Bulk soil microbial communities from poplar common garden site in Corvallis, Oregon, USA - BESC-307-Co2_62_14 soil",BESC-307-Co2_62_14,Corvallis,soil
Gp0566659,nmdc:omprc-11-9ve4vj38,nmdc:bsm-11-bdn1fa14,"Bulk soil microbial communities from poplar common garden site in Corvallis, Oregon, USA - BESC-307-Co3_27_41 soil",BESC-307-Co3_27_41,Corvallis,soil
Gp0566660,nmdc:omprc-11-pygjsr16,nmdc:bsm-11-yqjjes90,"Bulk soil microbial communities from poplar common garden site in Clatskanie, Oregon, USA - BESC-331-CL2_55_18 soil",BESC-331-CL2_55_18,Clatskanie,soil
Gp0566661,nmdc:omprc-11-k88g7340,nmdc:bsm-11-xpv2fm92,"Bulk soil microbial communities from poplar common garden site in Corvallis, Oregon, USA - BESC-331-Co1_12_7 soil",BESC-331-Co1_12_7,Corvallis,soil
Gp0566662,nmdc:omprc-11-gt4k8w86,nmdc:bsm-11-6m6v8582,"Bulk soil microbial communities from poplar common garden site in Corvallis, Oregon, USA - BESC-331-Co2_50_17 soil",BESC-331-Co2_50_17,Corvallis,soil
Gp0566663,nmdc:omprc-11-4zb14194,nmdc:bsm-11-r7rgv593,"Bulk soil microbial communities from poplar common garden site in Corvallis, Oregon, USA - BESC-331-Co3_15_40 soil",BESC-331-Co3_15_40,Corvallis,soil
Gp0566664,nmdc:omprc-11-a8w23m78,nmdc:bsm-11-dnrvw725,"Bulk soil microbial communities from poplar common garden site in Clatskanie, Oregon, USA - BESC-351-CL1_27_10 soil",BESC-351-CL1_27_10,Clatskanie,soil
Gp0566665,nmdc:omprc-11-ra5ghv04,nmdc:bsm-11-ftte8s50,"Bulk soil microbial communities from poplar common garden site in Clatskanie, Oregon, USA - BESC-351-CL2_54_28 soil",BESC-351-CL2_54_28,Clatskanie,soil
Gp0566666,nmdc:omprc-11-4nxe2402,nmdc:bsm-11-fmq0nm61,"Bulk soil microbial communities from poplar common garden site in Clatskanie, Oregon, USA - BESC-351-CL3_84_27 soil",BESC-351-CL3_84_27,Clatskanie,soil
Gp0566667,nmdc:omprc-11-43094c33,nmdc:bsm-11-wrgc0v31,"Bulk soil microbial communities from poplar common garden site in Corvallis, Oregon, USA - BESC-351-Co1_10_3 soil",BESC-351-Co1_10_3,Corvallis,soil
Gp0566668,nmdc:omprc-11-fb43r714,nmdc:bsm-11-01teww33,"Bulk soil microbial communities from poplar common garden site in Corvallis, Oregon, USA - BESC-351-Co2_42_17 soil",BESC-351-Co2_42_17,Corvallis,soil
Gp0566669,nmdc:omprc-11-t4pybb77,nmdc:bsm-11-ynkz2756,"Bulk soil microbial communities from poplar common garden site in Corvallis, Oregon, USA - BESC-351-Co3_11_46 soil",BESC-351-Co3_11_46,Corvallis,soil
Gp0566670,nmdc:omprc-11-svwf8a83,nmdc:bsm-11-6swq9777,"Bulk soil microbial communities from poplar common garden site in Clatskanie, Oregon, USA - BESC-360-CL2_44_14 soil",BESC-360-CL2_44_14,Clatskanie,soil
Gp0566671,nmdc:omprc-11-fw2jby95,nmdc:bsm-11-b70s9h20,"Bulk soil microbial communities from poplar common garden site in Clatskanie, Oregon, USA - BESC-360-CL3_72_12 soil",BESC-360-CL3_72_12,Clatskanie,soil
Gp0566672,nmdc:omprc-11-f3dd4p26,nmdc:bsm-11-ce878p31,"Bulk soil microbial communities from poplar common garden site in Corvallis, Oregon, USA - BESC-360-Co2_62_25 soil",BESC-360-Co2_62_25,Corvallis,soil
Gp0566673,nmdc:omprc-11-e9ezj040,nmdc:bsm-11-v5qwbp22,"Bulk soil microbial communities from poplar common garden site in Corvallis, Oregon, USA - BESC-360-Co3_13_34 soil",BESC-360-Co3_13_34,Corvallis,soil
Gp0566674,nmdc:omprc-11-9mv2xj28,nmdc:bsm-11-3t0sfk18,"Bulk soil microbial communities from poplar common garden site in Clatskanie, Oregon, USA - BESC-388-CL1_25_34 soil",BESC-388-CL1_25_34,Clatskanie,soil
Gp0566675,nmdc:omprc-11-2r21gq56,nmdc:bsm-11-xe059189,"Bulk soil microbial communities from poplar common garden site in Clatskanie, Oregon, USA - BESC-388-CL2_50_4 soil",BESC-388-CL2_50_4,Clatskanie,soil
Gp0566676,nmdc:omprc-11-zefhfb10,nmdc:bsm-11-0pp1y564,"Bulk soil microbial communities from poplar common garden site in Clatskanie, Oregon, USA - BESC-388-CL3_88_3 soil",BESC-388-CL3_88_3,Clatskanie,soil
Gp0566677,nmdc:omprc-11-gmt6gp22,nmdc:bsm-11-yqrv3r15,"Bulk soil microbial communities from poplar common garden site in Corvallis, Oregon, USA - BESC-388-Co1_32_7 soil",BESC-388-Co1_32_7,Corvallis,soil
Gp0566678,nmdc:omprc-11-7w7kd053,nmdc:bsm-11-dd8yd668,"Bulk soil microbial communities from poplar common garden site in Corvallis, Oregon, USA - BESC-388-Co2_54_7 soil",BESC-388-Co2_54_7,Corvallis,soil
Gp0566679,nmdc:omprc-11-6avzwc68,nmdc:bsm-11-1r4br749,"Bulk soil microbial communities from poplar common garden site in Corvallis, Oregon, USA - BESC-388-Co3_8_57 soil",BESC-388-Co3_8_57,Corvallis,soil
Gp0566680,nmdc:omprc-11-7xcdc888,nmdc:bsm-11-9k1chb38,"Bulk soil microbial communities from poplar common garden site in Clatskanie, Oregon, USA - BESC-448-CL1_35_3 soil",BESC-448-CL1_35_3,Clatskanie,soil
Gp0566681,nmdc:omprc-11-9jm3t448,nmdc:bsm-11-qs0hz846,"Bulk soil microbial communities from poplar common garden site in Clatskanie, Oregon, USA - BESC-448-CL3_88_32 soil",BESC-448-CL3_88_32,Clatskanie,soil
Gp0566682,nmdc:omprc-11-4dp2n094,nmdc:bsm-11-f07yn383,"Bulk soil microbial communities from poplar common garden site in Clatskanie, Oregon, USA - BESC-470-CL2_38_23 soil",BESC-470-CL2_38_23,Clatskanie,soil
Gp0566683,nmdc:omprc-11-sjb0gz53,nmdc:bsm-11-6v9t8f56,"Bulk soil microbial communities from poplar common garden site in Corvallis, Oregon, USA - BESC-56-Co1_22_4 soil",BESC-56-Co1_22_4,Corvallis,soil
Gp0566684,nmdc:omprc-11-zz6tgr50,nmdc:bsm-11-gng9wj69,"Bulk soil microbial communities from poplar common garden site in Corvallis, Oregon, USA - BESC-56-Co2_51_16 soil",BESC-56-Co2_51_16,Corvallis,soil
Gp0566685,nmdc:omprc-11-dy2m3p30,nmdc:bsm-11-61a55c09,"Bulk soil microbial communities from poplar common garden site in Corvallis, Oregon, USA - BESC-56-Co3_6_53 soil",BESC-56-Co3_6_53,Corvallis,soil
Gp0566686,nmdc:omprc-11-5ghk8986,nmdc:bsm-11-1eybv881,"Bulk soil microbial communities from poplar common garden site in Clatskanie, Oregon, USA - BESC-833-CL2_42_16 soil",BESC-833-CL2_42_16,Clatskanie,soil
Gp0566687,nmdc:omprc-11-wet0zx04,nmdc:bsm-11-535b4v37,"Bulk soil microbial communities from poplar common garden site in Clatskanie, Oregon, USA - BESC-833-CL3_77_6 soil",BESC-833-CL3_77_6,Clatskanie,soil
Gp0566688,nmdc:omprc-11-8gbac881,nmdc:bsm-11-1dpnqj50,"Bulk soil microbial communities from poplar common garden site in Corvallis, Oregon, USA - BESC-833-Co1_6_4 soil",BESC-833-Co1_6_4,Corvallis,soil
Gp0566689,nmdc:omprc-11-rn3qq688,nmdc:bsm-11-gq2m5921,"Bulk soil microbial communities from poplar common garden site in Corvallis, Oregon, USA - BESC-833-Co2_47_23 soil",BESC-833-Co2_47_23,Corvallis,soil
Gp0566690,nmdc:omprc-11-1jryza97,nmdc:bsm-11-w4cc0w75,"Bulk soil microbial communities from poplar common garden site in Corvallis, Oregon, USA - BESC-833-Co3_31_37 soil",BESC-833-Co3_31_37,Corvallis,soil
Gp0566691,nmdc:omprc-11-7wq1kx66,nmdc:bsm-11-66de0v28,"Bulk soil microbial communities from poplar common garden site in Clatskanie, Oregon, USA - BESC-845-CL1_31_22 soil",BESC-845-CL1_31_22,Clatskanie,soil
Gp0566692,nmdc:omprc-11-x7341g98,nmdc:bsm-11-g2zcz598,"Bulk soil microbial communities from poplar common garden site in Clatskanie, Oregon, USA - BESC-845-CL2_37_16 soil",BESC-845-CL2_37_16,Clatskanie,soil
Gp0566693,nmdc:omprc-11-zrbv5054,nmdc:bsm-11-2k7det13,"Bulk soil microbial communities from poplar common garden site in Clatskanie, Oregon, USA - BESC-845-CL3_80_19 soil",BESC-845-CL3_80_19,Clatskanie,soil
Gp0566694,nmdc:omprc-11-vb9w9774,nmdc:bsm-11-hx03gs06,"Bulk soil microbial communities from poplar common garden site in Corvallis, Oregon, USA - BESC-845-Co1_24_3 soil",BESC-845-Co1_24_3,Corvallis,soil
Gp0566695,nmdc:omprc-11-3r644916,nmdc:bsm-11-n3g6kk24,"Bulk soil microbial communities from poplar common garden site in Corvallis, Oregon, USA - BESC-845-Co2_60_28 soil",BESC-845-Co2_60_28,Corvallis,soil
Gp0566696,nmdc:omprc-11-wrrv7g13,nmdc:bsm-11-w11dzv86,"Bulk soil microbial communities from poplar common garden site in Corvallis, Oregon, USA - BESC-845-Co3_28_42 soil",BESC-845-Co3_28_42,Corvallis,soil
Gp0566697,nmdc:omprc-11-fpqs1z93,nmdc:bsm-11-eqbpgh61,"Bulk soil microbial communities from poplar common garden site in Clatskanie, Oregon, USA - BESC-847-CL1_28_5 soil",BESC-847-CL1_28_5,Clatskanie,soil
Gp0566698,nmdc:omprc-11-d4jsa237,nmdc:bsm-11-nk3r8t63,"Bulk soil microbial communities from poplar common garden site in Clatskanie, Oregon, USA - BESC-847-CL2_38_7 soil",BESC-847-CL2_38_7,Clatskanie,soil
Gp0566699,nmdc:omprc-11-kkea4j23,nmdc:bsm-11-hejnp838,"Bulk soil microbial communities from poplar common garden site in Clatskanie, Oregon, USA - BESC-847-CL3_83_27 soil",BESC-847-CL3_83_27,Clatskanie,soil
Gp0566700,nmdc:omprc-11-h38wsj87,nmdc:bsm-11-y46kr968,"Bulk soil microbial communities from poplar common garden site in Corvallis, Oregon, USA - BESC-847-Co1_12_9 soil",BESC-847-Co1_12_9,Corvallis,soil
Gp0566701,nmdc:omprc-11-x7sz0s85,nmdc:bsm-11-2q2qmz79,"Bulk soil microbial communities from poplar common garden site in Corvallis, Oregon, USA - BESC-847-Co2_69_13 soil",BESC-847-Co2_69_13,Corvallis,soil
Gp0566702,nmdc:omprc-11-1ycq8b50,nmdc:bsm-11-gpd0g516,"Bulk soil microbial communities from poplar common garden site in Corvallis, Oregon, USA - BESC-847-Co3_9_34 soil",BESC-847-Co3_9_34,Corvallis,soil
Gp0566703,nmdc:omprc-11-jhmxfh29,nmdc:bsm-11-ye5khf03,"Bulk soil microbial communities from poplar common garden site in Clatskanie, Oregon, USA - BESC-86-CL2_69_17 soil",BESC-86-CL2_69_17,Clatskanie,soil
Gp0566704,nmdc:omprc-11-ewmt8q74,nmdc:bsm-11-nsaqf095,"Bulk soil microbial communities from poplar common garden site in Clatskanie, Oregon, USA - BESC-866-CL2_50_11 soil",BESC-866-CL2_50_11,Clatskanie,soil
Gp0566705,nmdc:omprc-11-0xjef332,nmdc:bsm-11-mnkv7h37,"Bulk soil microbial communities from poplar common garden site in Clatskanie, Oregon, USA - BESC-866-CL3_75_7 soil",BESC-866-CL3_75_7,Clatskanie,soil
Gp0566706,nmdc:omprc-11-ggk8d910,nmdc:bsm-11-a93af105,"Bulk soil microbial communities from poplar common garden site in Corvallis, Oregon, USA - BESC-866-Co1_10_5 soil",BESC-866-Co1_10_5,Corvallis,soil
Gp0566707,nmdc:omprc-11-q9m63e46,nmdc:bsm-11-m03j3183,"Bulk soil microbial communities from poplar common garden site in Corvallis, Oregon, USA - BESC-866-Co2_58_19 soil",BESC-866-Co2_58_19,Corvallis,soil
Gp0566708,nmdc:omprc-11-d4wn2x69,nmdc:bsm-11-54rdaf84,"Bulk soil microbial communities from poplar common garden site in Corvallis, Oregon, USA - BESC-866-Co3_27_48 soil",BESC-866-Co3_27_48,Corvallis,soil
Gp0566709,nmdc:omprc-11-dpmh3h95,nmdc:bsm-11-nrt24197,"Bulk soil microbial communities from poplar common garden site in Clatskanie, Oregon, USA - BESC-904-CL2_57_20 soil",BESC-904-CL2_57_20,Clatskanie,soil
Gp0566710,nmdc:omprc-11-96gjd236,nmdc:bsm-11-35peqt55,"Bulk soil microbial communities from poplar common garden site in Clatskanie, Oregon, USA - BESC-904-CL3_91_3 soil",BESC-904-CL3_91_3,Clatskanie,soil
Gp0566711,nmdc:omprc-11-a620j952,nmdc:bsm-11-3x6bd477,"Bulk soil microbial communities from poplar common garden site in Corvallis, Oregon, USA - BESC-904-Co1_5_9 soil",BESC-904-Co1_5_9,Corvallis,soil
Gp0566712,nmdc:omprc-11-zdjd7t09,nmdc:bsm-11-jt9qtx26,"Bulk soil microbial communities from poplar common garden site in Corvallis, Oregon, USA - BESC-904-Co2_51_17 soil",BESC-904-Co2_51_17,Corvallis,soil
Gp0566713,nmdc:omprc-11-kpsyyn56,nmdc:bsm-11-ffrfzy83,"Bulk soil microbial communities from poplar common garden site in Corvallis, Oregon, USA - BESC-904-Co3_16_51 soil",BESC-904-Co3_16_51,Corvallis,soil
Gp0566714,nmdc:omprc-11-qbxbhf85,nmdc:bsm-11-ygtdv867,"Bulk soil microbial communities from poplar common garden site in Clatskanie, Oregon, USA - BESC-905-CL1_32_20 soil",BESC-905-CL1_32_20,Clatskanie,soil
Gp0566715,nmdc:omprc-11-824ce821,nmdc:bsm-11-20n7wy48,"Bulk soil microbial communities from poplar common garden site in Corvallis, Oregon, USA - BESC-360-Co1_23_6 soil",BESC-360-Co1_23_6,Corvallis,soil
Gp0566716,nmdc:omprc-11-2trmc814,nmdc:bsm-11-pnb58t51,"Bulk soil microbial communities from poplar common garden site in Clatskanie, Oregon, USA - GW-11047-CL1_23_5 soil",GW-11047-CL1_23_5,Clatskanie,soil
Gp0566717,nmdc:omprc-11-q7eqx855,nmdc:bsm-11-f4f5qh88,"Bulk soil microbial communities from poplar common garden site in Clatskanie, Oregon, USA - GW-11047-CL2_41_30 soil",GW-11047-CL2_41_30,Clatskanie,soil
Gp0566718,nmdc:omprc-11-hzks0692,nmdc:bsm-11-5w16mg36,"Bulk soil microbial communities from poplar common garden site in Clatskanie, Oregon, USA - GW-4579-CL1_25_23 soil",GW-4579-CL1_25_23,Clatskanie,soil
Gp0566719,nmdc:omprc-11-0d5x1287,nmdc:bsm-11-k8s74094,"Bulk soil microbial communities from poplar common garden site in Clatskanie, Oregon, USA - GW-4579-CL2_50_20 soil",GW-4579-CL2_50_20,Clatskanie,soil
Gp0566720,nmdc:omprc-11-pvcar930,nmdc:bsm-11-s0np7e14,"Bulk soil microbial communities from poplar common garden site in Clatskanie, Oregon, USA - GW-4579-CL3_72_14 soil",GW-4579-CL3_72_14,Clatskanie,soil
Gp0566721,nmdc:omprc-11-kr53zx90,nmdc:bsm-11-jg4tae61,"Bulk soil microbial communities from poplar common garden site in Corvallis, Oregon, USA - GW-4579-Co1_14_4 soil",GW-4579-Co1_14_4,Corvallis,soil
Gp0566722,nmdc:omprc-11-rhtxk444,nmdc:bsm-11-2mb94m91,"Bulk soil microbial communities from poplar common garden site in Corvallis, Oregon, USA - GW-4579-Co2_44_8 soil",GW-4579-Co2_44_8,Corvallis,soil
Gp0566723,nmdc:omprc-11-60p4qf70,nmdc:bsm-11-ptgmvp63,"Bulk soil microbial communities from poplar common garden site in Corvallis, Oregon, USA - GW-4579-Co3_14_51 soil",GW-4579-Co3_14_51,Corvallis,soil
Gp0566724,nmdc:omprc-11-nywh0k34,nmdc:bsm-11-5s5m0j49,"Bulk soil microbial communities from poplar common garden site in Corvallis, Oregon, USA - GW-7986-Co1_37_5 soil",GW-7986-Co1_37_5,Corvallis,soil
Gp0566725,nmdc:omprc-11-qp01xa65,nmdc:bsm-11-r8wy8d17,"Bulk soil microbial communities from poplar common garden site in Corvallis, Oregon, USA - GW-7986-Co2_68_28 soil",GW-7986-Co2_68_28,Corvallis,soil
Gp0566726,nmdc:omprc-11-bcp2nf12,nmdc:bsm-11-yqr04970,"Bulk soil microbial communities from poplar common garden site in Corvallis, Oregon, USA - GW-7986-Co3_31_39 soil",GW-7986-Co3_31_39,Corvallis,soil
Gp0566727,nmdc:omprc-11-crvgev89,nmdc:bsm-11-6hgyxc93,"Bulk soil microbial communities from poplar common garden site in Clatskanie, Oregon, USA - GW-9591-CL1_34_16 soil",GW-9591-CL1_34_16,Clatskanie,soil
Gp0566728,nmdc:omprc-11-jn7mzp35,nmdc:bsm-11-90z66h33,"Bulk soil microbial communities from poplar common garden site in Clatskanie, Oregon, USA - GW-9591-CL2_56_12 soil",GW-9591-CL2_56_12,Clatskanie,soil
Gp0566729,nmdc:omprc-11-v7kjt695,nmdc:bsm-11-bxtp7j54,"Bulk soil microbial communities from poplar common garden site in Clatskanie, Oregon, USA - GW-9591-CL3_98_5 soil",GW-9591-CL3_98_5,Clatskanie,soil
Gp0566730,nmdc:omprc-11-vnfjya07,nmdc:bsm-11-08mamh62,"Bulk soil microbial communities from poplar common garden site in Corvallis, Oregon, USA - GW-9591-Co1_16_8 soil",GW-9591-Co1_16_8,Corvallis,soil
Gp0566731,nmdc:omprc-11-gb2hp573,nmdc:bsm-11-ewmanm69,"Bulk soil microbial communities from poplar common garden site in Corvallis, Oregon, USA - GW-9591-Co2_62_24 soil",GW-9591-Co2_62_24,Corvallis,soil
Gp0566732,nmdc:omprc-11-jkq8pg75,nmdc:bsm-11-wg01qe88,"Bulk soil microbial communities from poplar common garden site in Corvallis, Oregon, USA - GW-9591-Co3_35_48 soil",GW-9591-Co3_35_48,Corvallis,soil
Gp0566733,nmdc:omprc-11-jd6vw994,nmdc:bsm-11-e7hn2484,"Bulk soil microbial communities from poplar common garden site in Clatskanie, Oregon, USA - SKWA-24-3-CL2_69_25 soil",SKWA-24-3-CL2_69_25,Clatskanie,soil
Gp0566734,nmdc:omprc-11-sf0m5526,nmdc:bsm-11-v9f9cm81,"Bulk soil microbial communities from poplar common garden site in Corvallis, Oregon, USA - SKWA-24-3-Co1_3_5 soil",SKWA-24-3-Co1_3_5,Corvallis,soil
Gp0566735,nmdc:omprc-11-d8x84d73,nmdc:bsm-11-fa3kp606,"Bulk soil microbial communities from poplar common garden site in Corvallis, Oregon, USA - SKWA-24-3-Co2_41_10 soil",SKWA-24-3-Co2_41_10,Corvallis,soil
Gp0566736,nmdc:omprc-11-sm0z7n48,nmdc:bsm-11-7asn9342,"Bulk soil microbial communities from poplar common garden site in Corvallis, Oregon, USA - SKWA-24-3-Co3_23_35 soil",SKWA-24-3-Co3_23_35,Corvallis,soil
Gp0566737,nmdc:omprc-11-wb138711,nmdc:bsm-11-fp5n5836,"Bulk soil microbial communities from poplar common garden site in Clatskanie, Oregon, USA - SKWD-24-1-CL2_58_25 soil",SKWD-24-1-CL2_58_25,Clatskanie,soil
Gp0566738,nmdc:omprc-11-dfrgp281,nmdc:bsm-11-sejjv213,"Bulk soil microbial communities from poplar common garden site in Corvallis, Oregon, USA - SKWD-24-1-Co1_7_5 soil",SKWD-24-1-Co1_7_5,Corvallis,soil
Gp0566739,nmdc:omprc-11-a0ny3j67,nmdc:bsm-11-b3802b26,"Bulk soil microbial communities from poplar common garden site in Corvallis, Oregon, USA - SKWD-24-1-Co2_54_22 soil",SKWD-24-1-Co2_54_22,Corvallis,soil
Gp0566740,nmdc:omprc-11-j4w68c64,nmdc:bsm-11-9413qr84,"Bulk soil microbial communities from poplar common garden site in Corvallis, Oregon, USA - SKWD-24-1-Co3_24_32 soil",SKWD-24-1-Co3_24_32,Corvallis,soil
Gp0566756,nmdc:omprc-11-3w9h2c26,nmdc:bsm-11-vnkf4228,"Rhizosphere soil microbial communities from poplar common garden site in Clatskanie, Oregon, USA - BESC-13-CL1_35_33 rhizosphere",BESC-13-CL1_35_33,Clatskanie,rhizosphere
Gp0566757,nmdc:omprc-11-rnmevy68,nmdc:bsm-11-k7jqh647,"Rhizosphere soil microbial communities from poplar common garden site in Clatskanie, Oregon, USA - BESC-13-CL2_39_29 rhizosphere",BESC-13-CL2_39_29,Clatskanie,rhizosphere
Gp0566758,nmdc:omprc-11-60e9hj74,nmdc:bsm-11-k3zdem68,"Rhizosphere soil microbial communities from poplar common garden site in Clatskanie, Oregon, USA - BESC-13-CL3_85_26 rhizosphere",BESC-13-CL3_85_26,Clatskanie,rhizosphere
Gp0566759,nmdc:omprc-11-yrybv196,nmdc:bsm-11-97dgrv19,"Rhizosphere soil microbial communities from poplar common garden site in Corvallis, Oregon, USA - BESC-13-Co1_30_3 rhizosphere",BESC-13-Co1_30_3,Corvallis,rhizosphere
Gp0566760,nmdc:omprc-11-vq3a4e96,nmdc:bsm-11-nz6f9964,"Rhizosphere soil microbial communities from poplar common garden site in Corvallis, Oregon, USA - BESC-13-Co2_41_23 rhizosphere",BESC-13-Co2_41_23,Corvallis,rhizosphere
Gp0566761,nmdc:omprc-11-p168r234,nmdc:bsm-11-f0st6436,"Rhizosphere soil microbial communities from poplar common garden site in Corvallis, Oregon, USA - BESC-13-Co3_21_57 rhizosphere",BESC-13-Co3_21_57,Corvallis,rhizosphere
Gp0566762,nmdc:omprc-11-73tmf593,nmdc:bsm-11-ehqk1b45,"Rhizosphere soil microbial communities from poplar common garden site in Clatskanie, Oregon, USA - BESC-133-CL1_28_16 rhizosphere",BESC-133-CL1_28_16,Clatskanie,rhizosphere
Gp0566763,nmdc:omprc-11-73c7p786,nmdc:bsm-11-1fa0hs25,"Rhizosphere soil microbial communities from poplar common garden site in Clatskanie, Oregon, USA - BESC-133-CL2_62_7 rhizosphere",BESC-133-CL2_62_7,Clatskanie,rhizosphere
Gp0566764,nmdc:omprc-11-1erg0884,nmdc:bsm-11-zpf4n944,"Rhizosphere soil microbial communities from poplar common garden site in Clatskanie, Oregon, USA - BESC-133-CL3_93_10 rhizosphere",BESC-133-CL3_93_10,Clatskanie,rhizosphere
Gp0566765,nmdc:omprc-11-5eedag40,nmdc:bsm-11-h49t7j41,"Rhizosphere soil microbial communities from poplar common garden site in Corvallis, Oregon, USA - BESC-133-Co1_27_3 rhizosphere",BESC-133-Co1_27_3,Corvallis,rhizosphere
Gp0566766,nmdc:omprc-11-7t2crn28,nmdc:bsm-11-ad739z23,"Rhizosphere soil microbial communities from poplar common garden site in Corvallis, Oregon, USA - BESC-133-Co2_50_25 rhizosphere",BESC-133-Co2_50_25,Corvallis,rhizosphere
Gp0566767,nmdc:omprc-11-vhjmfv45,nmdc:bsm-11-g9w69290,"Rhizosphere soil microbial communities from poplar common garden site in Corvallis, Oregon, USA - BESC-133-Co3_19_46 rhizosphere",BESC-133-Co3_19_46,Corvallis,rhizosphere
Gp0566768,nmdc:omprc-11-dkrhkz48,nmdc:bsm-11-kgkcxn39,"Rhizosphere soil microbial communities from poplar common garden site in Clatskanie, Oregon, USA - BESC-198-CL2_38_5 rhizosphere",BESC-198-CL2_38_5,Clatskanie,rhizosphere
Gp0566769,nmdc:omprc-11-11tfr054,nmdc:bsm-11-825geg82,"Rhizosphere soil microbial communities from poplar common garden site in Clatskanie, Oregon, USA - BESC-198-CL3_81_33 rhizosphere",BESC-198-CL3_81_33,Clatskanie,rhizosphere
Gp0566770,nmdc:omprc-11-v886ej21,nmdc:bsm-11-b3d5yg81,"Rhizosphere soil microbial communities from poplar common garden site in Clatskanie, Oregon, USA - BESC-234-CL1_24_28 rhizosphere",BESC-234-CL1_24_28,Clatskanie,rhizosphere
Gp0566771,nmdc:omprc-11-swepc537,nmdc:bsm-11-aztxt406,"Rhizosphere soil microbial communities from poplar common garden site in Clatskanie, Oregon, USA - BESC-234-CL2_65_22 rhizosphere",BESC-234-CL2_65_22,Clatskanie,rhizosphere
Gp0566772,nmdc:omprc-11-wt4xvj42,nmdc:bsm-11-v0hqhp22,"Rhizosphere soil microbial communities from poplar common garden site in Corvallis, Oregon, USA - BESC-234-Co1_23_3 rhizosphere",BESC-234-Co1_23_3,Corvallis,rhizosphere
Gp0566773,nmdc:omprc-11-63r5s591,nmdc:bsm-11-d1h1d248,"Rhizosphere soil microbial communities from poplar common garden site in Corvallis, Oregon, USA - BESC-234-Co2_52_27 rhizosphere",BESC-234-Co2_52_27,Corvallis,rhizosphere
Gp0566774,nmdc:omprc-11-pbt4ny40,nmdc:bsm-11-da01b330,"Rhizosphere soil microbial communities from poplar common garden site in Corvallis, Oregon, USA - BESC-234-Co3_21_62 rhizosphere",BESC-234-Co3_21_62,Corvallis,rhizosphere
Gp0566775,nmdc:omprc-11-bsq1s043,nmdc:bsm-11-yxxvqg27,"Rhizosphere soil microbial communities from poplar common garden site in Clatskanie, Oregon, USA - BESC-258-CL1_34_5 rhizosphere",BESC-258-CL1_34_5,Clatskanie,rhizosphere
Gp0566776,nmdc:omprc-11-7gphhj92,nmdc:bsm-11-8ah8pz02,"Rhizosphere soil microbial communities from poplar common garden site in Clatskanie, Oregon, USA - BESC-258-CL2_67_23 rhizosphere",BESC-258-CL2_67_23,Clatskanie,rhizosphere
Gp0566777,nmdc:omprc-11-mjan5h90,nmdc:bsm-11-18btad96,"Rhizosphere soil microbial communities from poplar common garden site in Clatskanie, Oregon, USA - BESC-285-CL1_33_12 rhizosphere",BESC-285-CL1_33_12,Clatskanie,rhizosphere
Gp0566778,nmdc:omprc-11-nt8w4894,nmdc:bsm-11-2a37n046,"Rhizosphere soil microbial communities from poplar common garden site in Clatskanie, Oregon, USA - BESC-285-CL2_56_7 rhizosphere",BESC-285-CL2_56_7,Clatskanie,rhizosphere
Gp0566779,nmdc:omprc-11-q4yn6g86,nmdc:bsm-11-5snc2s56,"Rhizosphere soil microbial communities from poplar common garden site in Clatskanie, Oregon, USA - BESC-307-CL1_26_33 rhizosphere",BESC-307-CL1_26_33,Clatskanie,rhizosphere
Gp0566780,nmdc:omprc-11-1bjtr279,nmdc:bsm-11-vc1cgz17,"Rhizosphere soil microbial communities from poplar common garden site in Clatskanie, Oregon, USA - BESC-307-CL2_57_8 rhizosphere",BESC-307-CL2_57_8,Clatskanie,rhizosphere
Gp0566781,nmdc:omprc-11-fkyvpb88,nmdc:bsm-11-6ntzv433,"Rhizosphere soil microbial communities from poplar common garden site in Corvallis, Oregon, USA - BESC-307-Co1_31_6 rhizosphere",BESC-307-Co1_31_6,Corvallis,rhizosphere
Gp0566782,nmdc:omprc-11-z0xbmv07,nmdc:bsm-11-arjq1c41,"Rhizosphere soil microbial communities from poplar common garden site in Corvallis, Oregon, USA - BESC-307-Co2_62_14 rhizosphere",BESC-307-Co2_62_14,Corvallis,rhizosphere
Gp0566783,nmdc:omprc-11-2h4zb150,nmdc:bsm-11-rtchk112,"Rhizosphere soil microbial communities from poplar common garden site in Corvallis, Oregon, USA - BESC-307-Co3_27_41 rhizosphere",BESC-307-Co3_27_41,Corvallis,rhizosphere
Gp0566784,nmdc:omprc-11-kp34a407,nmdc:bsm-11-2g6d7w97,"Rhizosphere soil microbial communities from poplar common garden site in Clatskanie, Oregon, USA - BESC-331-CL2_55_18 rhizosphere",BESC-331-CL2_55_18,Clatskanie,rhizosphere
Gp0566785,nmdc:omprc-11-hxwn2f73,nmdc:bsm-11-ga8cav80,"Rhizosphere soil microbial communities from poplar common garden site in Corvallis, Oregon, USA - BESC-331-Co1_12_7 rhizosphere",BESC-331-Co1_12_7,Corvallis,rhizosphere
Gp0566786,nmdc:omprc-11-15f0b156,nmdc:bsm-11-wpsg6186,"Rhizosphere soil microbial communities from poplar common garden site in Corvallis, Oregon, USA - BESC-331-Co2_50_17 rhizosphere",BESC-331-Co2_50_17,Corvallis,rhizosphere
Gp0566787,nmdc:omprc-11-8jsr7q35,nmdc:bsm-11-azfn2405,"Rhizosphere soil microbial communities from poplar common garden site in Corvallis, Oregon, USA - BESC-331-Co3_15_40 rhizosphere",BESC-331-Co3_15_40,Corvallis,rhizosphere
Gp0566788,nmdc:omprc-11-q30txq04,nmdc:bsm-11-ce1sg012,"Rhizosphere soil microbial communities from poplar common garden site in Clatskanie, Oregon, USA - BESC-351-CL1_27_10 rhizosphere",BESC-351-CL1_27_10,Clatskanie,rhizosphere
Gp0566789,nmdc:omprc-11-8tca1356,nmdc:bsm-11-s110fy15,"Rhizosphere soil microbial communities from poplar common garden site in Clatskanie, Oregon, USA - BESC-351-CL2_54_28 rhizosphere",BESC-351-CL2_54_28,Clatskanie,rhizosphere
Gp0566790,nmdc:omprc-11-n8hwe938,nmdc:bsm-11-zxvekh84,"Rhizosphere soil microbial communities from poplar common garden site in Clatskanie, Oregon, USA - BESC-351-CL3_84_27 rhizosphere",BESC-351-CL3_84_27,Clatskanie,rhizosphere
Gp0566791,nmdc:omprc-11-qaf2qr08,nmdc:bsm-11-k7fkcz65,"Rhizosphere soil microbial communities from poplar common garden site in Corvallis, Oregon, USA - BESC-351-Co1_10_3 rhizosphere",BESC-351-Co1_10_3,Corvallis,rhizosphere
Gp0566792,nmdc:omprc-11-2t2za170,nmdc:bsm-11-hhb2g180,"Rhizosphere soil microbial communities from poplar common garden site in Corvallis, Oregon, USA - BESC-351-Co2_42_17 rhizosphere",BESC-351-Co2_42_17,Corvallis,rhizosphere
Gp0566793,nmdc:omprc-11-kbg5fy90,nmdc:bsm-11-z1r5gy96,"Rhizosphere soil microbial communities from poplar common garden site in Corvallis, Oregon, USA - BESC-351-Co3_11_46 rhizosphere",BESC-351-Co3_11_46,Corvallis,rhizosphere
Gp0566794,nmdc:omprc-11-7snzfp19,nmdc:bsm-11-adzwqg44,"Rhizosphere soil microbial communities from poplar common garden site in Clatskanie, Oregon, USA - BESC-360-CL2_44_14 rhizosphere",BESC-360-CL2_44_14,Clatskanie,rhizosphere
Gp0566795,nmdc:omprc-11-jmvm6t29,nmdc:bsm-11-3zh6yy26,"Rhizosphere soil microbial communities from poplar common garden site in Clatskanie, Oregon, USA - BESC-360-CL3_72_12 rhizosphere",BESC-360-CL3_72_12,Clatskanie,rhizosphere
Gp0566796,nmdc:omprc-11-ryb4mk96,nmdc:bsm-11-4yy9a239,"Rhizosphere soil microbial communities from poplar common garden site in Corvallis, Oregon, USA - BESC-360-Co2_62_25 rhizosphere",BESC-360-Co2_62_25,Corvallis,rhizosphere
Gp0566797,nmdc:omprc-11-s689qv26,nmdc:bsm-11-v85xpj21,"Rhizosphere soil microbial communities from poplar common garden site in Corvallis, Oregon, USA - BESC-360-Co3_13_34 rhizosphere",BESC-360-Co3_13_34,Corvallis,rhizosphere
Gp0566798,nmdc:omprc-11-xkjhfw19,nmdc:bsm-11-9gmcv191,"Rhizosphere soil microbial communities from poplar common garden site in Clatskanie, Oregon, USA - BESC-388-CL1_25_34 rhizosphere",BESC-388-CL1_25_34,Clatskanie,rhizosphere
Gp0566799,nmdc:omprc-11-vzaqys60,nmdc:bsm-11-nn5snj10,"Rhizosphere soil microbial communities from poplar common garden site in Clatskanie, Oregon, USA - BESC-388-CL2_50_4 rhizosphere",BESC-388-CL2_50_4,Clatskanie,rhizosphere
Gp0566800,nmdc:omprc-11-1ds16773,nmdc:bsm-11-4ep6tc76,"Rhizosphere soil microbial communities from poplar common garden site in Clatskanie, Oregon, USA - BESC-388-CL3_88_3 rhizosphere",BESC-388-CL3_88_3,Clatskanie,rhizosphere
Gp0566801,nmdc:omprc-11-etfch731,nmdc:bsm-11-45z1kv27,"Rhizosphere soil microbial communities from poplar common garden site in Corvallis, Oregon, USA - BESC-388-Co1_32_7 rhizosphere",BESC-388-Co1_32_7,Corvallis,rhizosphere
Gp0566802,nmdc:omprc-11-rqvv3213,nmdc:bsm-11-05dve909,"Rhizosphere soil microbial communities from poplar common garden site in Corvallis, Oregon, USA - BESC-388-Co2_54_7 rhizosphere",BESC-388-Co2_54_7,Corvallis,rhizosphere
Gp0566803,nmdc:omprc-11-8zp5bz78,nmdc:bsm-11-4htstp40,"Rhizosphere soil microbial communities from poplar common garden site in Corvallis, Oregon, USA - BESC-388-Co3_8_57 rhizosphere",BESC-388-Co3_8_57,Corvallis,rhizosphere
Gp0566804,nmdc:omprc-11-gce3vs06,nmdc:bsm-11-spzb5g89,"Rhizosphere soil microbial communities from poplar common garden site in Clatskanie, Oregon, USA - BESC-448-CL1_35_3 rhizosphere",BESC-448-CL1_35_3,Clatskanie,rhizosphere
Gp0566805,nmdc:omprc-11-fp334636,nmdc:bsm-11-vcna9q80,"Rhizosphere soil microbial communities from poplar common garden site in Clatskanie, Oregon, USA - BESC-448-CL3_88_32 rhizosphere",BESC-448-CL3_88_32,Clatskanie,rhizosphere
Gp0566806,nmdc:omprc-11-qa8k2807,nmdc:bsm-11-1r59n445,"Rhizosphere soil microbial communities from poplar common garden site in Clatskanie, Oregon, USA - BESC-470-CL2_38_23 rhizosphere",BESC-470-CL2_38_23,Clatskanie,rhizosphere
Gp0566807,nmdc:omprc-11-r64xh422,nmdc:bsm-11-90vp2x95,"Rhizosphere soil microbial communities from poplar common garden site in Corvallis, Oregon, USA - BESC-56-Co1_22_4 rhizosphere",BESC-56-Co1_22_4,Corvallis,rhizosphere
Gp0566808,nmdc:omprc-11-29ct3y80,nmdc:bsm-11-e9z5qp65,"Rhizosphere soil microbial communities from poplar common garden site in Corvallis, Oregon, USA - BESC-56-Co2_51_16 rhizosphere",BESC-56-Co2_51_16,Corvallis,rhizosphere
Gp0566809,nmdc:omprc-11-92rmyt64,nmdc:bsm-11-sqpv6146,"Rhizosphere soil microbial communities from poplar common garden site in Corvallis, Oregon, USA - BESC-56-Co3_6_53 rhizosphere",BESC-56-Co3_6_53,Corvallis,rhizosphere
Gp0566810,nmdc:omprc-11-v92b3270,nmdc:bsm-11-fr4c9n11,"Rhizosphere soil microbial communities from poplar common garden site in Clatskanie, Oregon, USA - BESC-833-CL2_42_16 rhizosphere",BESC-833-CL2_42_16,Clatskanie,rhizosphere
Gp0566811,nmdc:omprc-11-8jf3qt91,nmdc:bsm-11-at9sda86,"Rhizosphere soil microbial communities from poplar common garden site in Clatskanie, Oregon, USA - BESC-833-CL3_77_6 rhizosphere",BESC-833-CL3_77_6,Clatskanie,rhizosphere
Gp0566812,nmdc:omprc-11-xrfpwb88,nmdc:bsm-11-j8ezj858,"Rhizosphere soil microbial communities from poplar common garden site in Corvallis, Oregon, USA - BESC-833-Co1_6_4 rhizosphere",BESC-833-Co1_6_4,Corvallis,rhizosphere
Gp0566813,nmdc:omprc-11-sda21w50,nmdc:bsm-11-bd18tk15,"Rhizosphere soil microbial communities from poplar common garden site in Corvallis, Oregon, USA - BESC-833-Co2_47_23 rhizosphere",BESC-833-Co2_47_23,Corvallis,rhizosphere
Gp0566814,nmdc:omprc-11-5p61j106,nmdc:bsm-11-pejvvs20,"Rhizosphere soil microbial communities from poplar common garden site in Corvallis, Oregon, USA - BESC-833-Co3_31_37 rhizosphere",BESC-833-Co3_31_37,Corvallis,rhizosphere
Gp0566815,nmdc:omprc-11-xrrafx26,nmdc:bsm-11-vv577p15,"Rhizosphere soil microbial communities from poplar common garden site in Clatskanie, Oregon, USA - BESC-845-CL1_31_22 rhizosphere",BESC-845-CL1_31_22,Clatskanie,rhizosphere
Gp0566816,nmdc:omprc-11-qh0e4z95,nmdc:bsm-11-adwwk217,"Rhizosphere soil microbial communities from poplar common garden site in Clatskanie, Oregon, USA - BESC-845-CL2_37_16 rhizosphere",BESC-845-CL2_37_16,Clatskanie,rhizosphere
Gp0566817,nmdc:omprc-11-z2frm294,nmdc:bsm-11-szd4fj93,"Rhizosphere soil microbial communities from poplar common garden site in Clatskanie, Oregon, USA - BESC-845-CL3_80_19 rhizosphere",BESC-845-CL3_80_19,Clatskanie,rhizosphere
Gp0566818,nmdc:omprc-11-qpwmky78,nmdc:bsm-11-wpye0n32,"Rhizosphere soil microbial communities from poplar common garden site in Corvallis, Oregon, USA - BESC-845-Co1_24_3 rhizosphere",BESC-845-Co1_24_3,Corvallis,rhizosphere
Gp0566819,nmdc:omprc-11-9qy7z255,nmdc:bsm-11-hae6xn61,"Rhizosphere soil microbial communities from poplar common garden site in Corvallis, Oregon, USA - BESC-845-Co2_60_28 rhizosphere",BESC-845-Co2_60_28,Corvallis,rhizosphere
Gp0566820,nmdc:omprc-11-x6251m82,nmdc:bsm-11-v1ynyj85,"Rhizosphere soil microbial communities from poplar common garden site in Corvallis, Oregon, USA - BESC-845-Co3_28_42 rhizosphere",BESC-845-Co3_28_42,Corvallis,rhizosphere
Gp0566821,nmdc:omprc-11-h304ns26,nmdc:bsm-11-zmsv5494,"Rhizosphere soil microbial communities from poplar common garden site in Clatskanie, Oregon, USA - BESC-847-CL1_28_5 rhizosphere",BESC-847-CL1_28_5,Clatskanie,rhizosphere
Gp0566822,nmdc:omprc-11-2as6zb15,nmdc:bsm-11-rbzk5h49,"Rhizosphere soil microbial communities from poplar common garden site in Clatskanie, Oregon, USA - BESC-847-CL2_38_7 rhizosphere",BESC-847-CL2_38_7,Clatskanie,rhizosphere
Gp0566823,nmdc:omprc-11-ss5p6584,nmdc:bsm-11-pgfhya35,"Rhizosphere soil microbial communities from poplar common garden site in Clatskanie, Oregon, USA - BESC-847-CL3_83_27 rhizosphere",BESC-847-CL3_83_27,Clatskanie,rhizosphere
Gp0566824,nmdc:omprc-11-494r4q06,nmdc:bsm-11-qyx7qs76,"Rhizosphere soil microbial communities from poplar common garden site in Corvallis, Oregon, USA - BESC-847-Co1_12_9 rhizosphere",BESC-847-Co1_12_9,Corvallis,rhizosphere
Gp0566825,nmdc:omprc-11-86xftb40,nmdc:bsm-11-67dmq694,"Rhizosphere soil microbial communities from poplar common garden site in Corvallis, Oregon, USA - BESC-847-Co2_69_13 rhizosphere",BESC-847-Co2_69_13,Corvallis,rhizosphere
Gp0566826,nmdc:omprc-11-nq5g8m55,nmdc:bsm-11-jrahe581,"Rhizosphere soil microbial communities from poplar common garden site in Corvallis, Oregon, USA - BESC-847-Co3_9_34 rhizosphere",BESC-847-Co3_9_34,Corvallis,rhizosphere
Gp0566827,nmdc:omprc-11-1p1ngs84,nmdc:bsm-11-7bbm7795,"Rhizosphere soil microbial communities from poplar common garden site in Clatskanie, Oregon, USA - BESC-86-CL2_69_17 rhizosphere",BESC-86-CL2_69_17,Clatskanie,rhizosphere
Gp0566828,nmdc:omprc-11-qhbjkg04,nmdc:bsm-11-7j0fnc87,"Rhizosphere soil microbial communities from poplar common garden site in Clatskanie, Oregon, USA - BESC-866-CL2_50_11 rhizosphere",BESC-866-CL2_50_11,Clatskanie,rhizosphere
Gp0566829,nmdc:omprc-11-q3cqjx42,nmdc:bsm-11-7n6p8d80,"Rhizosphere soil microbial communities from poplar common garden site in Clatskanie, Oregon, USA - BESC-866-CL3_75_7 rhizosphere",BESC-866-CL3_75_7,Clatskanie,rhizosphere
Gp0566830,nmdc:omprc-11-7dxxhc53,nmdc:bsm-11-8wd4pp40,"Rhizosphere soil microbial communities from poplar common garden site in Corvallis, Oregon, USA - BESC-866-Co1_10_5 rhizosphere",BESC-866-Co1_10_5,Corvallis,rhizosphere
Gp0566831,nmdc:omprc-11-rt7na349,nmdc:bsm-11-tzp7r259,"Rhizosphere soil microbial communities from poplar common garden site in Corvallis, Oregon, USA - BESC-866-Co2_58_19 rhizosphere",BESC-866-Co2_58_19,Corvallis,rhizosphere
Gp0566832,nmdc:omprc-11-mpkt1x42,nmdc:bsm-11-kz54ep97,"Rhizosphere soil microbial communities from poplar common garden site in Corvallis, Oregon, USA - BESC-866-Co3_27_48 rhizosphere",BESC-866-Co3_27_48,Corvallis,rhizosphere
Gp0566833,nmdc:omprc-11-tkwvvm24,nmdc:bsm-11-nvgcpg87,"Rhizosphere soil microbial communities from poplar common garden site in Clatskanie, Oregon, USA - BESC-904-CL2_57_20 rhizosphere",BESC-904-CL2_57_20,Clatskanie,rhizosphere
Gp0566834,nmdc:omprc-11-hdb69470,nmdc:bsm-11-xgrda154,"Rhizosphere soil microbial communities from poplar common garden site in Clatskanie, Oregon, USA - BESC-904-CL3_91_3 rhizosphere",BESC-904-CL3_91_3,Clatskanie,rhizosphere
Gp0566835,nmdc:omprc-11-renj2a23,nmdc:bsm-11-cd09p052,"Rhizosphere soil microbial communities from poplar common garden site in Corvallis, Oregon, USA - BESC-904-Co1_5_9 rhizosphere",BESC-904-Co1_5_9,Corvallis,rhizosphere
Gp0566836,nmdc:omprc-11-r2fe4498,nmdc:bsm-11-9rcfa470,"Rhizosphere soil microbial communities from poplar common garden site in Corvallis, Oregon, USA - BESC-904-Co2_51_17 rhizosphere",BESC-904-Co2_51_17,Corvallis,rhizosphere
Gp0566837,nmdc:omprc-11-nmtj1g51,nmdc:bsm-11-6zd5nb38,"Rhizosphere soil microbial communities from poplar common garden site in Corvallis, Oregon, USA - BESC-904-Co3_16_51 rhizosphere",BESC-904-Co3_16_51,Corvallis,rhizosphere
Gp0566838,nmdc:omprc-11-q22m9z88,nmdc:bsm-11-8eypa967,"Rhizosphere soil microbial communities from poplar common garden site in Clatskanie, Oregon, USA - BESC-905-CL1_32_20 rhizosphere",BESC-905-CL1_32_20,Clatskanie,rhizosphere
Gp0566839,nmdc:omprc-11-f6693016,nmdc:bsm-11-k7v09098,"Rhizosphere soil microbial communities from poplar common garden site in Corvallis, Oregon, USA - BESC-360-Co1_23_6 rhizosphere",BESC-360-Co1_23_6,Corvallis,rhizosphere
Gp0566840,nmdc:omprc-11-m3hwb437,nmdc:bsm-11-wdfz5578,"Rhizosphere soil microbial communities from poplar common garden site in Clatskanie, Oregon, USA - GW-11047-CL1_23_5 rhizosphere",GW-11047-CL1_23_5,Clatskanie,rhizosphere
Gp0566841,nmdc:omprc-11-dbwxze79,nmdc:bsm-11-kff3y587,"Rhizosphere soil microbial communities from poplar common garden site in Clatskanie, Oregon, USA - GW-11047-CL2_41_30 rhizosphere",GW-11047-CL2_41_30,Clatskanie,rhizosphere
Gp0566842,nmdc:omprc-11-zcn33x50,nmdc:bsm-11-wj8zqj74,"Rhizosphere soil microbial communities from poplar common garden site in Clatskanie, Oregon, USA - GW-4579-CL1_25_23 rhizosphere",GW-4579-CL1_25_23,Clatskanie,rhizosphere
Gp0566843,nmdc:omprc-11-7yr4zy92,nmdc:bsm-11-6y2dt532,"Rhizosphere soil microbial communities from poplar common garden site in Clatskanie, Oregon, USA - GW-4579-CL2_50_20 rhizosphere",GW-4579-CL2_50_20,Clatskanie,rhizosphere
Gp0566844,nmdc:omprc-11-0xn8jm51,nmdc:bsm-11-kgjz0433,"Rhizosphere soil microbial communities from poplar common garden site in Corvallis, Oregon, USA - GW-4579-Co1_14_4 rhizosphere",GW-4579-Co1_14_4,Corvallis,rhizosphere
Gp0566845,nmdc:omprc-11-vkqkts70,nmdc:bsm-11-6pr72x09,"Rhizosphere soil microbial communities from poplar common garden site in Corvallis, Oregon, USA - GW-4579-Co2_44_8 rhizosphere",GW-4579-Co2_44_8,Corvallis,rhizosphere
Gp0566846,nmdc:omprc-11-8jy3ag45,nmdc:bsm-11-011z7z70,"Rhizosphere soil microbial communities from poplar common garden site in Corvallis, Oregon, USA - GW-4579-Co3_14_51 rhizosphere",GW-4579-Co3_14_51,Corvallis,rhizosphere
Gp0566847,nmdc:omprc-11-dvgq4712,nmdc:bsm-11-kgm2s608,"Rhizosphere soil microbial communities from poplar common garden site in Corvallis, Oregon, USA - GW-7986-Co1_37_5 rhizosphere",GW-7986-Co1_37_5,Corvallis,rhizosphere
Gp0566848,nmdc:omprc-11-c76snb89,nmdc:bsm-11-thpb7b07,"Rhizosphere soil microbial communities from poplar common garden site in Corvallis, Oregon, USA - GW-7986-Co2_68_28 rhizosphere",GW-7986-Co2_68_28,Corvallis,rhizosphere
Gp0566849,nmdc:omprc-11-f1jzfj58,nmdc:bsm-11-jqwsb466,"Rhizosphere soil microbial communities from poplar common garden site in Corvallis, Oregon, USA - GW-7986-Co3_31_39 rhizosphere",GW-7986-Co3_31_39,Corvallis,rhizosphere
Gp0566850,nmdc:omprc-11-2qzhhf43,nmdc:bsm-11-ahpvvb55,"Rhizosphere soil microbial communities from poplar common garden site in Clatskanie, Oregon, USA - GW-9591-CL1_34_16 rhizosphere",GW-9591-CL1_34_16,Clatskanie,rhizosphere
Gp0566851,nmdc:omprc-11-4zkng696,nmdc:bsm-11-57ejpn32,"Rhizosphere soil microbial communities from poplar common garden site in Clatskanie, Oregon, USA - GW-9591-CL2_56_12 rhizosphere",GW-9591-CL2_56_12,Clatskanie,rhizosphere
Gp0566852,nmdc:omprc-11-gss4bg21,nmdc:bsm-11-xhbae603,"Rhizosphere soil microbial communities from poplar common garden site in Clatskanie, Oregon, USA - GW-9591-CL3_98_5 rhizosphere",GW-9591-CL3_98_5,Clatskanie,rhizosphere
Gp0566853,nmdc:omprc-11-fcj94k15,nmdc:bsm-11-yms2f086,"Rhizosphere soil microbial communities from poplar common garden site in Corvallis, Oregon, USA - GW-9591-Co1_16_8 rhizosphere",GW-9591-Co1_16_8,Corvallis,rhizosphere
Gp0566854,nmdc:omprc-11-mbmg9942,nmdc:bsm-11-4f4btc22,"Rhizosphere soil microbial communities from poplar common garden site in Corvallis, Oregon, USA - GW-9591-Co2_62_24 rhizosphere",GW-9591-Co2_62_24,Corvallis,rhizosphere
Gp0566855,nmdc:omprc-11-dtvtbx79,nmdc:bsm-11-0xqxvc88,"Rhizosphere soil microbial communities from poplar common garden site in Corvallis, Oregon, USA - GW-9591-Co3_35_48 rhizosphere",GW-9591-Co3_35_48,Corvallis,rhizosphere
Gp0566856,nmdc:omprc-11-vn7cxy98,nmdc:bsm-11-aan31e03,"Rhizosphere soil microbial communities from poplar common garden site in Clatskanie, Oregon, USA - SKWA-24-3-CL2_69_25 rhizosphere",SKWA-24-3-CL2_69_25,Clatskanie,rhizosphere
Gp0566857,nmdc:omprc-11-7hm4yy12,nmdc:bsm-11-zqaeph53,"Rhizosphere soil microbial communities from poplar common garden site in Corvallis, Oregon, USA - SKWA-24-3-Co1_3_5 rhizosphere",SKWA-24-3-Co1_3_5,Corvallis,rhizosphere
Gp0566858,nmdc:omprc-11-4rh8w698,nmdc:bsm-11-4pc4k424,"Rhizosphere soil microbial communities from poplar common garden site in Corvallis, Oregon, USA - SKWA-24-3-Co2_41_10 rhizosphere",SKWA-24-3-Co2_41_10,Corvallis,rhizosphere
Gp0566859,nmdc:omprc-11-qhvwpf30,nmdc:bsm-11-7yjtg159,"Rhizosphere soil microbial communities from poplar common garden site in Corvallis, Oregon, USA - SKWA-24-3-Co3_23_35 rhizosphere",SKWA-24-3-Co3_23_35,Corvallis,rhizosphere
Gp0566860,nmdc:omprc-11-v6mmpc15,nmdc:bsm-11-af8ap759,"Rhizosphere soil microbial communities from poplar common garden site in Clatskanie, Oregon, USA - SKWD-24-1-CL2_58_25 rhizosphere",SKWD-24-1-CL2_58_25,Clatskanie,rhizosphere
Gp0566861,nmdc:omprc-11-rcy9x023,nmdc:bsm-11-hx8qxc63,"Rhizosphere soil microbial communities from poplar common garden site in Corvallis, Oregon, USA - SKWD-24-1-Co1_7_5 rhizosphere",SKWD-24-1-Co1_7_5,Corvallis,rhizosphere
Gp0566862,nmdc:omprc-11-x43zee65,nmdc:bsm-11-wm40z541,"Rhizosphere soil microbial communities from poplar common garden site in Corvallis, Oregon, USA - SKWD-24-1-Co2_54_22 rhizosphere",SKWD-24-1-Co2_54_22,Corvallis,rhizosphere
Gp0566863,nmdc:omprc-11-pkbnmb74,nmdc:bsm-11-1a9d1633,"Rhizosphere soil microbial communities from poplar common garden site in Corvallis, Oregon, USA - SKWD-24-1-Co3_24_32 rhizosphere",SKWD-24-1-Co3_24_32,Corvallis,rhizosphere
Gp0587733,nmdc:omprc-11-eb79f083,nmdc:bsm-11-g4rxzh95,"Root microbial communities from poplar common garden site in Clatskanie, Oregon, USA - BESC-13-CL1_35_33 endosphere",BESC-13-CL1_35_33,Clatskanie,endosphere
Gp0587734,nmdc:omprc-11-647h4c79,nmdc:bsm-11-b7pv2a25,"Root microbial communities from poplar common garden site in Clatskanie, Oregon, USA - BESC-13-CL2_39_29 endosphere",BESC-13-CL2_39_29,Clatskanie,endosphere
Gp0587735,nmdc:omprc-11-dzw3rn23,nmdc:bsm-11-jq2e3v76,"Root microbial communities from poplar common garden site in Clatskanie, Oregon, USA - BESC-13-CL3_85_26 endosphere",BESC-13-CL3_85_26,Clatskanie,endosphere
Gp0587736,nmdc:omprc-11-ahxgs306,nmdc:bsm-11-epzqzg45,"Root microbial communities from poplar common garden site in Corvallis, Oregon, USA - BESC-13-Co1_30_3 endosphere",BESC-13-Co1_30_3,Corvallis,endosphere
Gp0587737,nmdc:omprc-11-qdh5nf86,nmdc:bsm-11-ahfq0n74,"Root microbial communities from poplar common garden site in Corvallis, Oregon, USA - BESC-13-Co2_41_23 endosphere",BESC-13-Co2_41_23,Corvallis,endosphere
Gp0587738,nmdc:omprc-11-xw537529,nmdc:bsm-11-4838sk73,"Root microbial communities from poplar common garden site in Corvallis, Oregon, USA - BESC-13-Co3_21_57 endosphere",BESC-13-Co3_21_57,Corvallis,endosphere
Gp0587739,nmdc:omprc-11-jps67j44,nmdc:bsm-11-7pyrek52,"Root microbial communities from poplar common garden site in Clatskanie, Oregon, USA - BESC-133-CL1_28_16 endosphere",BESC-133-CL1_28_16,Clatskanie,endosphere
Gp0587740,nmdc:omprc-11-pn40gb51,nmdc:bsm-11-m9k8tx16,"Root microbial communities from poplar common garden site in Clatskanie, Oregon, USA - BESC-133-CL2_62_7 endosphere",BESC-133-CL2_62_7,Clatskanie,endosphere
Gp0587741,nmdc:omprc-11-rcj05d91,nmdc:bsm-11-fgjpsy56,"Root microbial communities from poplar common garden site in Clatskanie, Oregon, USA - BESC-133-CL3_93_10 endosphere",BESC-133-CL3_93_10,Clatskanie,endosphere
Gp0587742,nmdc:omprc-11-jsm90k97,nmdc:bsm-11-sdjyhj66,"Root microbial communities from poplar common garden site in Corvallis, Oregon, USA - BESC-133-Co1_27_3 endosphere",BESC-133-Co1_27_3,Corvallis,endosphere
Gp0587743,nmdc:omprc-11-2cjz3t37,nmdc:bsm-11-dz264p50,"Root microbial communities from poplar common garden site in Corvallis, Oregon, USA - BESC-133-Co2_50_25 endosphere",BESC-133-Co2_50_25,Corvallis,endosphere
Gp0587745,nmdc:omprc-11-33wazx92,nmdc:bsm-11-766dwa91,"Root microbial communities from poplar common garden site in Clatskanie, Oregon, USA - BESC-198-CL2_38_5 endosphere",BESC-198-CL2_38_5,Clatskanie,endosphere
Gp0587746,nmdc:omprc-11-4wtbr816,nmdc:bsm-11-cqbpqf62,"Root microbial communities from poplar common garden site in Clatskanie, Oregon, USA - BESC-198-CL3_81_33 endosphere",BESC-198-CL3_81_33,Clatskanie,endosphere
Gp0587747,nmdc:omprc-11-xdh9bh40,nmdc:bsm-11-69g1rw32,"Root microbial communities from poplar common garden site in Clatskanie, Oregon, USA - BESC-234-CL1_24_28 endosphere",BESC-234-CL1_24_28,Clatskanie,endosphere
Gp0587748,nmdc:omprc-11-j5dnhh98,nmdc:bsm-11-vp7n5531,"Root microbial communities from poplar common garden site in Clatskanie, Oregon, USA - BESC-234-CL2_65_22 endosphere",BESC-234-CL2_65_22,Clatskanie,endosphere
Gp0587749,nmdc:omprc-11-3753dg30,nmdc:bsm-11-62fxv990,"Root microbial communities from poplar common garden site in Corvallis, Oregon, USA - BESC-234-Co1_23_3 endosphere",BESC-234-Co1_23_3,Corvallis,endosphere
Gp0587750,nmdc:omprc-11-mdnayc74,nmdc:bsm-11-dtyb1w45,"Root microbial communities from poplar common garden site in Corvallis, Oregon, USA - BESC-234-Co2_52_27 endosphere",BESC-234-Co2_52_27,Corvallis,endosphere
Gp0587751,nmdc:omprc-11-z30ebf62,nmdc:bsm-11-qvm0vt03,"Root microbial communities from poplar common garden site in Corvallis, Oregon, USA - BESC-234-Co3_21_62 endosphere",BESC-234-Co3_21_62,Corvallis,endosphere
Gp0587752,nmdc:omprc-11-er3f1k45,nmdc:bsm-11-nx7zwq61,"Root microbial communities from poplar common garden site in Clatskanie, Oregon, USA - BESC-258-CL1_34_5 endosphere",BESC-258-CL1_34_5,Clatskanie,endosphere
Gp0587753,nmdc:omprc-11-19jw9267,nmdc:bsm-11-wh35sj59,"Root microbial communities from poplar common garden site in Clatskanie, Oregon, USA - BESC-258-CL2_67_23 endosphere",BESC-258-CL2_67_23,Clatskanie,endosphere
Gp0587754,nmdc:omprc-11-pnedsz83,nmdc:bsm-11-42c9kj17,"Root microbial communities from poplar common garden site in Clatskanie, Oregon, USA - BESC-285-CL1_33_12 endosphere",BESC-285-CL1_33_12,Clatskanie,endosphere
Gp0587755,nmdc:omprc-11-j99q5980,nmdc:bsm-11-m4p1ck60,"Root microbial communities from poplar common garden site in Clatskanie, Oregon, USA - BESC-285-CL2_56_7 endosphere",BESC-285-CL2_56_7,Clatskanie,endosphere
Gp0587756,nmdc:omprc-11-evk24v30,nmdc:bsm-11-1yvac190,"Root microbial communities from poplar common garden site in Clatskanie, Oregon, USA - BESC-307-CL1_26_33 endosphere",BESC-307-CL1_26_33,Clatskanie,endosphere
Gp0587757,nmdc:omprc-11-rwnmgb40,nmdc:bsm-11-acfvxq24,"Root microbial communities from poplar common garden site in Clatskanie, Oregon, USA - BESC-307-CL2_57_8 endosphere",BESC-307-CL2_57_8,Clatskanie,endosphere
Gp0587758,nmdc:omprc-11-pqh0b648,nmdc:bsm-11-gwx12029,"Root microbial communities from poplar common garden site in Corvallis, Oregon, USA - BESC-307-Co1_31_6 endosphere",BESC-307-Co1_31_6,Corvallis,endosphere
Gp0587759,nmdc:omprc-11-qjtgj682,nmdc:bsm-11-jy6ece20,"Root microbial communities from poplar common garden site in Corvallis, Oregon, USA - BESC-307-Co2_62_14 endosphere",BESC-307-Co2_62_14,Corvallis,endosphere
Gp0587760,nmdc:omprc-11-vwp9xr25,nmdc:bsm-11-t7xb8h63,"Root microbial communities from poplar common garden site in Corvallis, Oregon, USA - BESC-307-Co3_27_41 endosphere",BESC-307-Co3_27_41,Corvallis,endosphere
Gp0587761,nmdc:omprc-11-1t638161,nmdc:bsm-11-8g7xbe66,"Root microbial communities from poplar common garden site in Clatskanie, Oregon, USA - BESC-331-CL2_55_18 endosphere",BESC-331-CL2_55_18,Clatskanie,endosphere
Gp0587762,nmdc:omprc-11-wq5ff811,nmdc:bsm-11-9f2ahd94,"Root microbial communities from poplar common garden site in Corvallis, Oregon, USA - BESC-331-Co1_12_7 endosphere",BESC-331-Co1_12_7,Corvallis,endosphere
Gp0587763,nmdc:omprc-11-57nrxv09,nmdc:bsm-11-j2pfz414,"Root microbial communities from poplar common garden site in Corvallis, Oregon, USA - BESC-331-Co2_50_17 endosphere",BESC-331-Co2_50_17,Corvallis,endosphere
Gp0587764,nmdc:omprc-11-9th9b513,nmdc:bsm-11-kdja3v28,"Root microbial communities from poplar common garden site in Corvallis, Oregon, USA - BESC-331-Co3_15_40 endosphere",BESC-331-Co3_15_40,Corvallis,endosphere
Gp0587765,nmdc:omprc-11-xaqw4f55,nmdc:bsm-11-spav5m37,"Root microbial communities from poplar common garden site in Clatskanie, Oregon, USA - BESC-351-CL1_27_10 endosphere",BESC-351-CL1_27_10,Clatskanie,endosphere
Gp0587766,nmdc:omprc-11-btqz2671,nmdc:bsm-11-bqp0m764,"Root microbial communities from poplar common garden site in Clatskanie, Oregon, USA - BESC-351-CL2_54_28 endosphere",BESC-351-CL2_54_28,Clatskanie,endosphere
Gp0587767,nmdc:omprc-11-8m231z92,nmdc:bsm-11-aesqd647,"Root microbial communities from poplar common garden site in Clatskanie, Oregon, USA - BESC-351-CL3_84_27 endosphere",BESC-351-CL3_84_27,Clatskanie,endosphere
Gp0587768,nmdc:omprc-11-5b4ckh13,nmdc:bsm-11-nrkha596,"Root microbial communities from poplar common garden site in Corvallis, Oregon, USA - BESC-351-Co1_10_3 endosphere",BESC-351-Co1_10_3,Corvallis,endosphere
Gp0587769,nmdc:omprc-11-c3c3tw26,nmdc:bsm-11-tcxb3w32,"Root microbial communities from poplar common garden site in Corvallis, Oregon, USA - BESC-351-Co2_42_17 endosphere",BESC-351-Co2_42_17,Corvallis,endosphere
Gp0587770,nmdc:omprc-11-g37gxf44,nmdc:bsm-11-p4wss361,"Root microbial communities from poplar common garden site in Corvallis, Oregon, USA - BESC-351-Co3_11_46 endosphere",BESC-351-Co3_11_46,Corvallis,endosphere
Gp0587771,nmdc:omprc-11-hae51w77,nmdc:bsm-11-m0h9cb45,"Root microbial communities from poplar common garden site in Clatskanie, Oregon, USA - BESC-360-CL2_44_14 endosphere",BESC-360-CL2_44_14,Clatskanie,endosphere
Gp0587772,nmdc:omprc-11-zdqkf654,nmdc:bsm-11-g3r2dm95,"Root microbial communities from poplar common garden site in Clatskanie, Oregon, USA - BESC-360-CL3_72_12 endosphere",BESC-360-CL3_72_12,Clatskanie,endosphere
Gp0587773,nmdc:omprc-11-xv3g9w94,nmdc:bsm-11-r3b0ak56,"Root microbial communities from poplar common garden site in Corvallis, Oregon, USA - BESC-360-Co1_23_6 endosphere",BESC-360-Co1_23_6,Corvallis,endosphere
Gp0587774,nmdc:omprc-11-dyyevh31,nmdc:bsm-11-cz68sy30,"Root microbial communities from poplar common garden site in Corvallis, Oregon, USA - BESC-360-Co2_62_25 endosphere",BESC-360-Co2_62_25,Corvallis,endosphere
Gp0587775,nmdc:omprc-11-r45r3y54,nmdc:bsm-11-3nffqc45,"Root microbial communities from poplar common garden site in Corvallis, Oregon, USA - BESC-360-Co3_13_34 endosphere",BESC-360-Co3_13_34,Corvallis,endosphere
Gp0587776,nmdc:omprc-11-vbkra023,nmdc:bsm-11-k9192006,"Root microbial communities from poplar common garden site in Clatskanie, Oregon, USA - BESC-388-CL1_25_34 endosphere",BESC-388-CL1_25_34,Clatskanie,endosphere
Gp0587777,nmdc:omprc-11-vjv3wp94,nmdc:bsm-11-v0p16d89,"Root microbial communities from poplar common garden site in Clatskanie, Oregon, USA - BESC-388-CL2_50_4 endosphere",BESC-388-CL2_50_4,Clatskanie,endosphere
Gp0587778,nmdc:omprc-11-d9b2b586,nmdc:bsm-11-ht2v0s47,"Root microbial communities from poplar common garden site in Clatskanie, Oregon, USA - BESC-388-CL3_88_3 endosphere",BESC-388-CL3_88_3,Clatskanie,endosphere
Gp0587780,nmdc:omprc-11-5k02xz77,nmdc:bsm-11-y5w1j489,"Root microbial communities from poplar common garden site in Corvallis, Oregon, USA - BESC-388-Co2_54_7 endosphere",BESC-388-Co2_54_7,Corvallis,endosphere
Gp0587781,nmdc:omprc-11-z75dr189,nmdc:bsm-11-z66zfk92,"Root microbial communities from poplar common garden site in Corvallis, Oregon, USA - BESC-388-Co3_8_57 endosphere",BESC-388-Co3_8_57,Corvallis,endosphere
Gp0587782,nmdc:omprc-11-jyacte89,nmdc:bsm-11-w1t8bv92,"Root microbial communities from poplar common garden site in Clatskanie, Oregon, USA - BESC-448-CL1_35_3 endosphere",BESC-448-CL1_35_3,Clatskanie,endosphere
Gp0587784,nmdc:omprc-11-xmx5eq31,nmdc:bsm-11-8aktkq28,"Root microbial communities from poplar common garden site in Clatskanie, Oregon, USA - BESC-470-CL2_38_23 endosphere",BESC-470-CL2_38_23,Clatskanie,endosphere
Gp0587785,nmdc:omprc-11-g9kabs53,nmdc:bsm-11-tkwn9650,"Root microbial communities from poplar common garden site in Corvallis, Oregon, USA - BESC-56-Co1_22_4 endosphere",BESC-56-Co1_22_4,Corvallis,endosphere
Gp0587787,nmdc:omprc-11-2rspk393,nmdc:bsm-11-qhq2kh40,"Root microbial communities from poplar common garden site in Corvallis, Oregon, USA - BESC-56-Co3_6_53 endosphere",BESC-56-Co3_6_53,Corvallis,endosphere
Gp0587788,nmdc:omprc-11-tt9cn580,nmdc:bsm-11-nm187g36,"Root microbial communities from poplar common garden site in Clatskanie, Oregon, USA - BESC-833-CL2_42_16 endosphere",BESC-833-CL2_42_16,Clatskanie,endosphere
Gp0587789,nmdc:omprc-11-7g08k806,nmdc:bsm-11-c52npq37,"Root microbial communities from poplar common garden site in Clatskanie, Oregon, USA - BESC-833-CL3_77_6 endosphere",BESC-833-CL3_77_6,Clatskanie,endosphere
Gp0587790,nmdc:omprc-11-rkg3pp40,nmdc:bsm-11-gch9pp73,"Root microbial communities from poplar common garden site in Corvallis, Oregon, USA - BESC-833-Co1_6_4 endosphere",BESC-833-Co1_6_4,Corvallis,endosphere
Gp0587791,nmdc:omprc-11-yb4nsy30,nmdc:bsm-11-acehgb61,"Root microbial communities from poplar common garden site in Corvallis, Oregon, USA - BESC-833-Co2_47_23 endosphere",BESC-833-Co2_47_23,Corvallis,endosphere
Gp0587792,nmdc:omprc-11-s4gt3905,nmdc:bsm-11-d8cgz835,"Root microbial communities from poplar common garden site in Corvallis, Oregon, USA - BESC-833-Co3_31_37 endosphere",BESC-833-Co3_31_37,Corvallis,endosphere
Gp0587794,nmdc:omprc-11-f00abn68,nmdc:bsm-11-sjtd0y05,"Root microbial communities from poplar common garden site in Clatskanie, Oregon, USA - BESC-845-CL2_37_16 endosphere",BESC-845-CL2_37_16,Clatskanie,endosphere
Gp0587795,nmdc:omprc-11-twnf5981,nmdc:bsm-11-3nhng665,"Root microbial communities from poplar common garden site in Clatskanie, Oregon, USA - BESC-845-CL3_80_19 endosphere",BESC-845-CL3_80_19,Clatskanie,endosphere
Gp0587797,nmdc:omprc-11-zp05ke25,nmdc:bsm-11-r7k97q10,"Root microbial communities from poplar common garden site in Corvallis, Oregon, USA - BESC-845-Co2_60_28 endosphere",BESC-845-Co2_60_28,Corvallis,endosphere
Gp0587798,nmdc:omprc-11-d12f8t94,nmdc:bsm-11-pq105b36,"Root microbial communities from poplar common garden site in Corvallis, Oregon, USA - BESC-845-Co3_28_42 endosphere",BESC-845-Co3_28_42,Corvallis,endosphere
Gp0587799,nmdc:omprc-11-0011q207,nmdc:bsm-11-ta8dt754,"Root microbial communities from poplar common garden site in Clatskanie, Oregon, USA - BESC-847-CL1_28_5 endosphere",BESC-847-CL1_28_5,Clatskanie,endosphere
Gp0587800,nmdc:omprc-11-netzww81,nmdc:bsm-11-dqnfvd06,"Root microbial communities from poplar common garden site in Clatskanie, Oregon, USA - BESC-847-CL2_38_7 endosphere",BESC-847-CL2_38_7,Clatskanie,endosphere
Gp0587801,nmdc:omprc-11-tkgkmv62,nmdc:bsm-11-rpj4zm44,"Root microbial communities from poplar common garden site in Clatskanie, Oregon, USA - BESC-847-CL3_83_27 endosphere",BESC-847-CL3_83_27,Clatskanie,endosphere
Gp0587802,nmdc:omprc-11-rq98ah44,nmdc:bsm-11-ck98jg55,"Root microbial communities from poplar common garden site in Corvallis, Oregon, USA - BESC-847-Co1_12_9 endosphere",BESC-847-Co1_12_9,Corvallis,endosphere
Gp0587803,nmdc:omprc-11-5kqze773,nmdc:bsm-11-tnbabs47,"Root microbial communities from poplar common garden site in Corvallis, Oregon, USA - BESC-847-Co2_69_13 endosphere",BESC-847-Co2_69_13,Corvallis,endosphere
Gp0587804,nmdc:omprc-11-e5qxwe17,nmdc:bsm-11-h96d6881,"Root microbial communities from poplar common garden site in Corvallis, Oregon, USA - BESC-847-Co3_9_34 endosphere",BESC-847-Co3_9_34,Corvallis,endosphere
Gp0587805,nmdc:omprc-11-vhhjyz27,nmdc:bsm-11-xy5ern23,"Root microbial communities from poplar common garden site in Clatskanie, Oregon, USA - BESC-86-CL2_69_17 endosphere",BESC-86-CL2_69_17,Clatskanie,endosphere
Gp0587806,nmdc:omprc-11-d1wcb707,nmdc:bsm-11-5rgay328,"Root microbial communities from poplar common garden site in Clatskanie, Oregon, USA - BESC-866-CL2_50_11 endosphere",BESC-866-CL2_50_11,Clatskanie,endosphere
Gp0587807,nmdc:omprc-11-94rt6t02,nmdc:bsm-11-n2a7p974,"Root microbial communities from poplar common garden site in Clatskanie, Oregon, USA - BESC-866-CL3_75_7 endosphere",BESC-866-CL3_75_7,Clatskanie,endosphere
Gp0587808,nmdc:omprc-11-bfh82h49,nmdc:bsm-11-mb9s8c17,"Root microbial communities from poplar common garden site in Corvallis, Oregon, USA - BESC-866-Co1_10_5 endosphere",BESC-866-Co1_10_5,Corvallis,endosphere
Gp0587809,nmdc:omprc-11-3ab4dn26,nmdc:bsm-11-5w4ba396,"Root microbial communities from poplar common garden site in Corvallis, Oregon, USA - BESC-866-Co2_58_19 endosphere",BESC-866-Co2_58_19,Corvallis,endosphere
Gp0587811,nmdc:omprc-11-1yey7m63,nmdc:bsm-11-k0vz1j87,"Root microbial communities from poplar common garden site in Clatskanie, Oregon, USA - BESC-904-CL2_57_20 endosphere",BESC-904-CL2_57_20,Clatskanie,endosphere
Gp0587814,nmdc:omprc-11-6tawzm06,nmdc:bsm-11-q3qsx507,"Root microbial communities from poplar common garden site in Corvallis, Oregon, USA - BESC-904-Co2_51_17 endosphere",BESC-904-Co2_51_17,Corvallis,endosphere
Gp0587815,nmdc:omprc-11-5ahgwz52,nmdc:bsm-11-zvh2hc82,"Root microbial communities from poplar common garden site in Corvallis, Oregon, USA - BESC-904-Co3_16_51 endosphere",BESC-904-Co3_16_51,Corvallis,endosphere
Gp0587816,nmdc:omprc-11-keg6fz65,nmdc:bsm-11-rzz0z710,"Root microbial communities from poplar common garden site in Clatskanie, Oregon, USA - BESC-905-CL1_32_20 endosphere",BESC-905-CL1_32_20,Clatskanie,endosphere
Gp0587817,nmdc:omprc-11-g6cdte67,nmdc:bsm-11-bgar5122,"Root microbial communities from poplar common garden site in Clatskanie, Oregon, USA - GW-11047-CL1_23_5 endosphere",GW-11047-CL1_23_5,Clatskanie,endosphere
Gp0587818,nmdc:omprc-11-r91zy186,nmdc:bsm-11-5g2kjf44,"Root microbial communities from poplar common garden site in Clatskanie, Oregon, USA - GW-11047-CL2_41_30 endosphere",GW-11047-CL2_41_30,Clatskanie,endosphere
Gp0587819,nmdc:omprc-11-rgtkkc09,nmdc:bsm-11-h2k7nv93,"Root microbial communities from poplar common garden site in Clatskanie, Oregon, USA - GW-4579-CL1_25_23 endosphere",GW-4579-CL1_25_23,Clatskanie,endosphere
Gp0587820,nmdc:omprc-11-tjvhx021,nmdc:bsm-11-rk62cv25,"Root microbial communities from poplar common garden site in Clatskanie, Oregon, USA - GW-4579-CL2_50_20 endosphere",GW-4579-CL2_50_20,Clatskanie,endosphere
Gp0587821,nmdc:omprc-11-mwk8at55,nmdc:bsm-11-pgmhxj86,"Root microbial communities from poplar common garden site in Clatskanie, Oregon, USA - GW-4579-CL3_72_14 endosphere",GW-4579-CL3_72_14,Clatskanie,endosphere
Gp0587822,nmdc:omprc-11-az6mad50,nmdc:bsm-11-h3e54f51,"Root microbial communities from poplar common garden site in Corvallis, Oregon, USA - GW-4579-Co1_14_4 endosphere",GW-4579-Co1_14_4,Corvallis,endosphere
Gp0587823,nmdc:omprc-11-hv5syz42,nmdc:bsm-11-y80cxc26,"Root microbial communities from poplar common garden site in Corvallis, Oregon, USA - GW-4579-Co2_44_8 endosphere",GW-4579-Co2_44_8,Corvallis,endosphere
Gp0587824,nmdc:omprc-11-gz6rpq02,nmdc:bsm-11-qam3hk28,"Root microbial communities from poplar common garden site in Corvallis, Oregon, USA - GW-4579-Co3_14_51 endosphere",GW-4579-Co3_14_51,Corvallis,endosphere
Gp0587825,nmdc:omprc-11-x5tgh854,nmdc:bsm-11-6k8cmy53,"Root microbial communities from poplar common garden site in Corvallis, Oregon, USA - GW-7986-Co1_37_5 endosphere",GW-7986-Co1_37_5,Corvallis,endosphere
Gp0587826,nmdc:omprc-11-c45y1j14,nmdc:bsm-11-fy3j8w19,"Root microbial communities from poplar common garden site in Corvallis, Oregon, USA - GW-7986-Co2_68_28 endosphere",GW-7986-Co2_68_28,Corvallis,endosphere
Gp0587827,nmdc:omprc-11-d6vnwm32,nmdc:bsm-11-e0rz6p82,"Root microbial communities from poplar common garden site in Corvallis, Oregon, USA - GW-7986-Co3_31_39 endosphere",GW-7986-Co3_31_39,Corvallis,endosphere
Gp0587828,nmdc:omprc-11-20qfeg52,nmdc:bsm-11-jxazjs92,"Root microbial communities from poplar common garden site in Clatskanie, Oregon, USA - GW-9591-CL1_34_16 endosphere",GW-9591-CL1_34_16,Clatskanie,endosphere
Gp0587829,nmdc:omprc-11-nqqqpx74,nmdc:bsm-11-3xthwx28,"Root microbial communities from poplar common garden site in Clatskanie, Oregon, USA - GW-9591-CL2_56_12 endosphere",GW-9591-CL2_56_12,Clatskanie,endosphere
Gp0587830,nmdc:omprc-11-31psrh22,nmdc:bsm-11-j1bay453,"Root microbial communities from poplar common garden site in Clatskanie, Oregon, USA - GW-9591-CL3_98_5 endosphere",GW-9591-CL3_98_5,Clatskanie,endosphere
Gp0587831,nmdc:omprc-11-h2mc8q15,nmdc:bsm-11-cv5vxb38,"Root microbial communities from poplar common garden site in Corvallis, Oregon, USA - GW-9591-Co1_16_8 endosphere",GW-9591-Co1_16_8,Corvallis,endosphere
Gp0587832,nmdc:omprc-11-qrcr7b30,nmdc:bsm-11-5ak8ja54,"Root microbial communities from poplar common garden site in Corvallis, Oregon, USA - GW-9591-Co2_62_24 endosphere",GW-9591-Co2_62_24,Corvallis,endosphere
Gp0587833,nmdc:omprc-11-59198704,nmdc:bsm-11-3636w778,"Root microbial communities from poplar common garden site in Corvallis, Oregon, USA - GW-9591-Co3_35_48 endosphere",GW-9591-Co3_35_48,Corvallis,endosphere
Gp0587834,nmdc:omprc-11-yrxzge50,nmdc:bsm-11-x0sc5x81,"Root microbial communities from poplar common garden site in Clatskanie, Oregon, USA - SKWA-24-3-CL2_69_25 endosphere",SKWA-24-3-CL2_69_25,Clatskanie,endosphere
Gp0587835,nmdc:omprc-11-mgdqz041,nmdc:bsm-11-899bm454,"Root microbial communities from poplar common garden site in Corvallis, Oregon, USA - SKWA-24-3-Co1_3_5 endosphere",SKWA-24-3-Co1_3_5,Corvallis,endosphere
Gp0587836,nmdc:omprc-11-n4zqbj94,nmdc:bsm-11-n6vwc542,"Root microbial communities from poplar common garden site in Corvallis, Oregon, USA - SKWA-24-3-Co2_41_10 endosphere",SKWA-24-3-Co2_41_10,Corvallis,endosphere
Gp0587837,nmdc:omprc-11-xzrdbq10,nmdc:bsm-11-q3sa0t28,"Root microbial communities from poplar common garden site in Corvallis, Oregon, USA - SKWA-24-3-Co3_23_35 endosphere",SKWA-24-3-Co3_23_35,Corvallis,endosphere
Gp0587838,nmdc:omprc-11-4rmjzf71,nmdc:bsm-11-krcjqt76,"Root microbial communities from poplar common garden site in Clatskanie, Oregon, USA - SKWD-24-1-CL2_58_25 endosphere",SKWD-24-1-CL2_58_25,Clatskanie,endosphere
Gp0587839,nmdc:omprc-11-rqrqvb11,nmdc:bsm-11-43rwvm93,"Root microbial communities from poplar common garden site in Corvallis, Oregon, USA - SKWD-24-1-Co1_7_5 endosphere",SKWD-24-1-Co1_7_5,Corvallis,endosphere
Gp0587840,nmdc:omprc-11-821e5g84,nmdc:bsm-11-pvr0ez88,"Root microbial communities from poplar common garden site in Corvallis, Oregon, USA - SKWD-24-1-Co2_54_22 endosphere",SKWD-24-1-Co2_54_22,Corvallis,endosphere
Gp0587841,nmdc:omprc-11-dqcg4y60,nmdc:bsm-11-qzncy838,"Root microbial communities from poplar common garden site in Corvallis, Oregon, USA - SKWD-24-1-Co3_24_32 endosphere",SKWD-24-1-Co3_24_32,Corvallis,endosphere
Gp0587842,nmdc:omprc-11-ds4enc84,nmdc:bsm-11-bcns6e03,"Root microbial communities from poplar common garden site in Clatskanie, Oregon, USA - GW-4579-CL1_25_23_RD_R2 endosphere",GW-4579-CL1_25_23_RD_R2,Clatskanie,endosphere
